Epoch,TrainingLoss,ValidationLoss
0,11.012619,11.011331
1,5.824226,5.744857
2,5.496612,5.512759
3,5.348309,5.447785
4,5.21779,5.385707
5,5.14223,5.361144
6,5.087738,5.349417
7,5.051498,5.335292
8,5.019813,5.325694