Epoch,TrainingLoss,ValidationLoss
0,4.596252,4.589330
1,1.987918,1.967347
2,1.960717,1.942525
3,1.946708,1.926829
4,1.935166,1.919190
5,1.929955,1.914057
6,1.918893,1.906303
7,1.904806,1.892529
8,1.902794,1.892251