Epoch,TrainingWordPerplexity,ValidationWordPerplexity
0,47.310777,47.209677
1,2.637644,2.602621
2,2.551700,2.521255
3,2.521645,2.497948
4,2.503129,2.476501
5,2.479802,2.464015
6,2.468753,2.460298
7,2.459314,2.453037
8,2.449422,2.440786
9,2.447691,2.442324
10,2.442985,2.444635
11,2.434249,2.439590
12,2.428074,2.431372
13,2.417121,2.422064
14,2.411446,2.425039
15,2.405860,2.423766
16,2.400839,2.423222
17,2.400204,2.422315
18,2.392423,2.417300